[  {    "type": "method",    "url": "在api对接阶段,请联系我们获得测试token.之后在所有接口请求头中传入token,示例如下:",    "title": "取得测试/线上token",    "version": "0.0.1",    "name": "auth_first",    "description": "<p>在开始之前，您必须联系我们取得风先生平台的服务访问token。该token将会被我们当做您的身份认证。</p> ",    "group": "Auth",    "filename": "./lazy_cat_open_api_pick_up.py",    "groupTitle": "Auth",    "header": {      "examples": [        {          "title": "Auth-Header-Example",          "content": "{\n    \"Authorization\": \"token 5b42e18555c11dbf2c31403ea6b706a6\"\n}",          "type": "json"        }      ],      "fields": {        "Header": [          {            "group": "Header",            "type": "string",            "optional": false,            "field": "Authorization",            "description": "<p>验证身份，格式为&quot;token <token>&quot;，注意&quot;token&quot;后面需要一个空格, 请联系我们取得测试token.</p> "          }        ]      }    }  },  {    "type": "post",    "url": "/open_api/send_order",    "title": "送货单创建",    "version": "0.0.1",    "name": "api_create_order",    "group": "BulkSend",    "parameter": {      "examples": [        {          "title": "请求示例:",          "content": "Request URL: http://api.123feng.com:6666/open_api/send_order\nRequest Method: POST\nRequest Payload:\n    {\n        \"origin\": {\n            \"order_id\": \"904dcb84-81a0-4f59-bdb8-dab50baba7d2\",\n            \"create_time\": \"2016-01-12 10:11:23\"\n        },\n        \"cargo\": {\n            \"name\": \"美味好吃的什锦沙拉一份+清爽有回味的冰咖啡一杯\",\n            \"weight\": 350,\n            \"price\": 1500\n        },\n        \"sender\": {\n            \"name\": \"懒猫洗衣滨江店\",\n            \"tel\": \"13012345678\",\n            \"city\": \"杭州市\",\n            \"district\": \"滨江区\",\n            \"address\": \"江陵路2028号星耀城一幢301\",\n            \"lng\": 120.11,\n            \"lat\": 30.23\n        },\n        \"receiver\": {\n            \"name\": \"杨小姐\",\n            \"tel\": \"0571-812345678\",\n            \"city\": \"杭州市\",\n            \"district\": \"滨江区\",\n            \"address\": \"滨盛路1509号天恒大厦204\",\n            \"lng\": 120.11,\n            \"lat\": 30.23\n        },\n\n        \"expected_fetch_time\": \"2016-01-12 10:11:23\",\n        \"expected_finish_time\": \"2016-01-12 10:11:23\",\n        \"remark\": \"咖啡别撒了，沙拉盒不要翻。告诉杨小姐：健康养生的风先生沙拉对身体好哦，么么哒\"\n    }",          "type": "json"        }      ],      "fields": {        "Request Payload": [          {            "group": "Request Payload",            "type": "<p>Object</p> ",            "optional": false,            "field": "content.origin",            "description": "<p>来源平台信息</p> "          },          {            "group": "Request Payload",            "type": "<p>String</p> ",            "optional": false,            "field": "content.origin.order_id",            "description": "<p>来源订单id</p> "          },          {            "group": "Request Payload",            "type": "<p>String</p> ",            "optional": false,            "field": "content.origin.create_time",            "defaultValue": "null",            "description": "<p>来源订单创建时间，北京时间。</p> "          },          {            "group": "Request Payload",            "type": "<p>Object</p> ",            "optional": false,            "field": "content.cargo",            "description": "<p>货物信息</p> "          },          {            "group": "Request Payload",            "type": "<p>String</p> ",            "optional": false,            "field": "content.cargo.name",            "description": "<p>货物名字</p> "          },          {            "group": "Request Payload",            "type": "<p>Integer</p> ",            "optional": false,            "field": "content.cargo.weight",            "defaultValue": "null",            "description": "<p>货物总重（单位:克）</p> "          },          {            "group": "Request Payload",            "type": "<p>Integer</p> ",            "optional": false,            "field": "content.cargo.price",            "defaultValue": "null",            "description": "<p>货物总价（单位:人民币 分）。注：price=100 指人民币1元</p> "          },          {            "group": "Request Payload",            "type": "<p>Object</p> ",            "optional": false,            "field": "content.sender",            "defaultValue": "注册商户信息",            "description": "<p>发货信息</p> "          },          {            "group": "Request Payload",            "type": "<p>String</p> ",            "optional": false,            "field": "content.sender.name",            "description": "<p>发货人名字</p> "          },          {            "group": "Request Payload",            "type": "<p>String</p> ",            "optional": false,            "field": "content.sender.tel",            "description": "<p>发货电话</p> "          },          {            "group": "Request Payload",            "type": "<p>String</p> ",            "optional": false,            "field": "content.sender.city",            "description": "<p>发货城市</p> "          },          {            "group": "Request Payload",            "type": "<p>String</p> ",            "optional": false,            "field": "content.sender.district",            "description": "<p>发货行政区</p> "          },          {            "group": "Request Payload",            "type": "<p>String</p> ",            "optional": false,            "field": "content.sender.address",            "description": "<p>发货地址</p> "          },          {            "group": "Request Payload",            "type": "<p>Float</p> ",            "optional": false,            "field": "content.sender.lng",            "defaultValue": "null",            "description": "<p>发货位置经度</p> "          },          {            "group": "Request Payload",            "type": "<p>Float</p> ",            "optional": false,            "field": "content.sender.lat",            "defaultValue": "null",            "description": "<p>发货位置纬度</p> "          },          {            "group": "Request Payload",            "type": "<p>Object</p> ",            "optional": false,            "field": "content.receiver",            "description": "<p>收货信息</p> "          },          {            "group": "Request Payload",            "type": "<p>String</p> ",            "optional": false,            "field": "content.receiver.name",            "description": "<p>收货人名字</p> "          },          {            "group": "Request Payload",            "type": "<p>String</p> ",            "optional": false,            "field": "content.receiver.tel",            "description": "<p>收货电话</p> "          },          {            "group": "Request Payload",            "type": "<p>String</p> ",            "optional": false,            "field": "content.receiver.address",            "description": "<p>收货地址</p> "          },          {            "group": "Request Payload",            "type": "<p>Float</p> ",            "optional": false,            "field": "content.receiver.lng",            "defaultValue": "null",            "description": "<p>收货位置经度</p> "          },          {            "group": "Request Payload",            "type": "<p>Float</p> ",            "optional": false,            "field": "content.receiver.lat",            "defaultValue": "null",            "description": "<p>收货位置纬度</p> "          },          {            "group": "Request Payload",            "type": "<p>String</p> ",            "optional": false,            "field": "content.expected_fetch_time",            "defaultValue": "null",            "description": "<p>期望取货时间，北京时间。</p> "          },          {            "group": "Request Payload",            "type": "<p>String</p> ",            "optional": false,            "field": "content.expected_finish_time",            "defaultValue": "null",            "description": "<p>期望送达时间，北京时间。</p> "          },          {            "group": "Request Payload",            "type": "<p>Integer</p> ",            "optional": false,            "field": "content.remark",            "defaultValue": "null",            "description": "<p>配送备注</p> "          }        ]      }    },    "success": {      "examples": [        {          "title": "成功返回示例",          "content": "HTTP/1.1 201 Created\n{\n    \"number\": \"000000089281\"\n}",          "type": "json"        }      ],      "fields": {        "Created 201": [          {            "group": "Created 201",            "type": "<p>String</p> ",            "optional": false,            "field": "number",            "description": "<p>风先生运单号</p> "          }        ]      }    },    "filename": "./lazy_cat_open_api_bulk_send.py",    "groupTitle": "BulkSend",    "header": {      "examples": [        {          "title": "Auth-Header-Example:",          "content": "{\n    \"Authorization\": \"token 78323lj4l32l3l23j2n2l22jl\"\n}",          "type": "json"        }      ],      "fields": {        "Header": [          {            "group": "Header",            "type": "String",            "optional": false,            "field": "Authorization",            "description": "<p>验证身份,注意格式中&quot;token {token}&quot;token后面有一个空格</p> "          }        ]      }    },    "error": {      "fields": {        "Error 4xx": [          {            "group": "Error 4xx",            "optional": false,            "field": "content",            "description": "<p>错误信息</p> "          },          {            "group": "Error 4xx",            "optional": false,            "field": "message",            "description": "<p>错误消息</p> "          }        ]      },      "examples": [        {          "title": "400 Bad Request",          "content": "参数错误\n{\n    content=\"missed keys set(['city'])\",\n    message=\"ArgsParseFailed\"\n}\n查询获取单个数据时，找到不止一个(通过id查找)\n{\n    content=null,\n    message=\"MultipleResultsFound\"\n}\n查询没有结果(通过id查找)\n{\n    content=null,\n    message=\"NoResultFound\"\n}",          "type": "json"        },        {          "title": "403 Forbidden",          "content": "非可操作用户\n{\n    content=null,\n    message=\"Forbidden\"\n}\n未知错误\n{\n    content=null,\n    message=\"UnknownError\"\n}",          "type": "json"        },        {          "title": "422 Unprocessable Entity",          "content": "逻辑层错误\n{\n    content=null,\n    message=\"LogicResponseFailed\"\n}\n插入时重复键值\n{\n    content=null,\n    message=\"DuplicateEntry\"\n}\n退款失败\n{\n    content=null,\n    message=\"RefundMoneyFailed\"\n}\n扣款失败\n{\n    content=null,\n    message=\"CostMoneyFailed\"\n}",          "type": "json"        }      ]    }  },  {    "type": "get",    "url": "/open_api/send_order/{order_id}",    "title": "送货单详情查询",    "version": "0.0.1",    "name": "api_get_order_details",    "group": "BulkSend",    "parameter": {      "examples": [        {          "title": "请求示例:",          "content": "Request URL: http://api.123feng.com:6666/open_api/send_order/000000054526\nRequest Method: GET",          "type": "json"        }      ]    },    "success": {      "examples": [        {          "title": "成功返回示例",          "content": "{\n    \"status\": \"FINISHED\",\n    \"number\": \"000000000005\",\n    \"remark\": \"咖啡别撒了，沙拉盒不要翻。告诉杨小姐：健康养生的风先生沙拉对身体好哦，么么哒\",\n    \"create_time\": \"2016-01-12 10:11:23\",\n    \"image\": \"http://7qnajq.com2.z0.glb.qiniucdn.com/56456465a46s456aaa\",\n    \"node\": {\n        \"name\": \"D3\",\n        \"id\": \"561a987b421aa9cf16f453f6\"\n    },\n    \"origin\": {\n        \"order_id\": \"lanmao-2121\",\n        \"create_time\": \"2016-01-12 10:11:23\",\n    },\n    \"cargo\":{\n        \"name\": \"一盒沙拉\",\n        \"weight\": 120,\n        \"price\": 1500\n    },\n    \"sender\": {\n        \"tel\": \"17808881022\",\n        \"name\": \"测试产品商家001\",\n        \"city\": \"杭州市\",\n        \"district\": \"滨江区\",\n        \"address\": \"江陵路1509号天恒大厦\",\n        \"lat\": 30.219866,\n        \"lng\": 120.22077,\n    },\n    \"receiver\": {\n        \"lat\": \"30.210268\",\n        \"lng\": \"120.215111\",\n        \"tel\": \"13920201113\",\n        \"name\": \"杨某某\",\n        \"city\": \"杭州市\",\n        \"district\": \"滨江区\"\n        \"address\": \"武警医院住院部201室\"\n    },\n    \"trace\": [\n        {\n            \"status\": \"FINISHED\",\n            \"loc\": {\n                \"lat\": \"30.210268\",\n                \"lng\": \"120.215111\"\n            },\n            \"msg\": \"已上传凭证, 妥投\",\n            \"operator\": {\n                \"tel\": \"17705717701\",\n                \"id\": 7792622,\n                \"name\": \"测试黄忠\",\n                \"avatar\": \"http://7qnajq.com2.z0.glb.qiniucdn.com/DCE5352E18844B9FC2B6412B3DACD0BD\"\n            },\n            \"actual_time\": \"2016-01-12 10:11:23\",\n            \"image\": \"http://qiniu.com/testhash\"\n        },\n        {\n            \"status\": \"WAIT_EVIDENCE\",\n            \"loc\": {\n                \"lat\": \"30.210268\",\n                \"lng\": \"120.215111\"\n            },\n            \"msg\": \"已送达, 等待上传凭证\",\n            \"operator\": {\n                \"tel\": \"17705717701\",\n                \"id\": 7792622,\n                \"avatar\": \"http://7qnajq.com2.z0.glb.qiniucdn.com/DCE5352E18844B9FC2B6412B3DACD0BD\",\n                \"name\": \"测试黄忠\"\n            },\n            \"actual_time\": \"2016-01-12 10:11:23\"\n        },\n        {\n            \"status\": \"ERROR\",\n            \"type\": \"收方联系不到\",\n            \"reason\": \"电话打不通\",\n            \"operator\": {\n                \"tel\": \"17705717701\",\n                \"id\": 7792622,\n                \"avatar\": \"http://7qnajq.com2.z0.glb.qiniucdn.com/DCE5352E18844B9FC2B6412B3DACD0BD\",\n                \"name\": \"测试黄忠\"\n            },\n            \"msg\": \"异常\",\n            \"actual_time\": \"2016-01-12 10:11:23\",\n        },\n        {\n            \"status\": \"SENDING\",\n            \"loc\": {\n                \"lat\": 30.218993,\n                \"lng\": 120.221169\n            },\n            \"msg\": \"到达中转站, 配送员已取货\",\n            \"operator\": {\n                \"tel\": \"17705717701\",\n                \"id\": 7792622,\n                \"avatar\": \"http://7qnajq.com2.z0.glb.qiniucdn.com/DCE5352E18844B9FC2B6412B3DACD0BD\",\n                \"name\": \"测试黄忠\"\n            },\n            \"actual_time\": \"2016-01-12 10:11:23\"\n        },\n        {\n            \"status\": \"ADOPTED\",\n            \"loc\": {\n                \"lat\": 30.219866,\n                \"lng\": 120.22077\n            },\n            \"msg\": \"城内司机已揽件\",\n            \"operator\": {\n                \"tel\": \"17705717701\",\n                \"id\": 7792622,\n                \"avatar\": \"http://7qnajq.com2.z0.glb.qiniucdn.com/DCE5352E18844B9FC2B6412B3DACD0BD\",\n                \"name\": \"测试城内司机\"\n            },\n            \"actual_time\": \"2016-01-12 10:11:23\"\n        },\n        {\n            \"status\": \"SORTED\",\n            \"loc\": {\n                \"lat\": 30.219866,\n                \"lng\": 120.22077\n            },\n            \"msg\": \"城际司机已揽件\",\n            \"operator\": {\n                \"name\": \"测试城际司机\"\n            },\n            \"actual_time\": \"2016-01-12 10:11:23\"\n        },\n        {\n            \"status\": \"CREATED\",\n            \"loc\": {\n                \"lat\": 30.219866,\n                \"lng\": 120.22077\n            },\n            \"remark\": \"\",\n            \"msg\": \"下单成功\",\n            \"operator\": {\n                \"tel\": \"17808881022\",\n                \"name\": \"测试产品商家001\",\n                \"avatar\": \"http://7qnajq.com2.z0.glb.qiniucdn.com/DCE5352E18844B9FC2B6412B3DACD0BD\",\n                \"id\": 1471,\n            },\n            \"actual_time\": \"2016-01-12 10:11:23\"\n        },\n    ]\n}",          "type": "json"        }      ]    },    "filename": "./lazy_cat_open_api_bulk_send.py",    "groupTitle": "BulkSend",    "header": {      "examples": [        {          "title": "Auth-Header-Example:",          "content": "{\n    \"Authorization\": \"token 78323lj4l32l3l23j2n2l22jl\"\n}",          "type": "json"        }      ],      "fields": {        "Header": [          {            "group": "Header",            "type": "String",            "optional": false,            "field": "Authorization",            "description": "<p>验证身份,注意格式中&quot;token {token}&quot;token后面有一个空格</p> "          }        ]      }    },    "error": {      "fields": {        "Error 4xx": [          {            "group": "Error 4xx",            "optional": false,            "field": "content",            "description": "<p>错误信息</p> "          },          {            "group": "Error 4xx",            "optional": false,            "field": "message",            "description": "<p>错误消息</p> "          }        ]      },      "examples": [        {          "title": "400 Bad Request",          "content": "参数错误\n{\n    content=\"missed keys set(['city'])\",\n    message=\"ArgsParseFailed\"\n}\n查询获取单个数据时，找到不止一个(通过id查找)\n{\n    content=null,\n    message=\"MultipleResultsFound\"\n}\n查询没有结果(通过id查找)\n{\n    content=null,\n    message=\"NoResultFound\"\n}",          "type": "json"        },        {          "title": "403 Forbidden",          "content": "非可操作用户\n{\n    content=null,\n    message=\"Forbidden\"\n}\n未知错误\n{\n    content=null,\n    message=\"UnknownError\"\n}",          "type": "json"        },        {          "title": "422 Unprocessable Entity",          "content": "逻辑层错误\n{\n    content=null,\n    message=\"LogicResponseFailed\"\n}\n插入时重复键值\n{\n    content=null,\n    message=\"DuplicateEntry\"\n}\n退款失败\n{\n    content=null,\n    message=\"RefundMoneyFailed\"\n}\n扣款失败\n{\n    content=null,\n    message=\"CostMoneyFailed\"\n}",          "type": "json"        }      ]    }  },  {    "type": "get",    "url": "/open_api/send_order",    "title": "送货单列表查询",    "version": "0.0.1",    "name": "api_get_order_list",    "group": "BulkSend",    "parameter": {      "examples": [        {          "title": "请求示例:",          "content": "Request URL: http://api.123feng.com:6666/open_api/send_order\nRequest Method: GET",          "type": "json"        }      ]    },    "success": {      "examples": [        {          "title": "成功返回示例",          "content": "HTTP/1.1 200 OK\n{\n    \"content\": [\n        {\n            \"number\": \"171443407746747445\",\n            \"status\": \"ADOPTED\",\n            \"origin_order_id\": \"904dcb84-81a0-4f59-bdb8-dab50baba7d2\",\n        },\n        ......\n    ]\n}",          "type": "json"        }      ],      "fields": {        "OK 200": [          {            "group": "OK 200",            "type": "<p>String</p> ",            "optional": false,            "field": "message",            "description": "<p>消息</p> "          },          {            "group": "OK 200",            "type": "<p>List</p> ",            "optional": false,            "field": "content",            "description": "<p>数据内容</p> "          },          {            "group": "OK 200",            "type": "<p>String</p> ",            "optional": false,            "field": "content.List.number",            "description": "<p>快递单号</p> "          },          {            "group": "OK 200",            "type": "<p>String</p> ",            "optional": false,            "field": "content.List.status",            "description": "<p>快递状态, 详细请看『状态回调』接口</p> "          },          {            "group": "OK 200",            "type": "<p>String</p> ",            "optional": false,            "field": "content.List.origin_order_id",            "description": "<p>来源订单id</p> "          }        ]      }    },    "filename": "./lazy_cat_open_api_bulk_send.py",    "groupTitle": "BulkSend",    "header": {      "examples": [        {          "title": "Auth-Header-Example:",          "content": "{\n    \"Authorization\": \"token 78323lj4l32l3l23j2n2l22jl\"\n}",          "type": "json"        }      ],      "fields": {        "Header": [          {            "group": "Header",            "type": "String",            "optional": false,            "field": "Authorization",            "description": "<p>验证身份,注意格式中&quot;token {token}&quot;token后面有一个空格</p> "          }        ]      }    },    "error": {      "fields": {        "Error 4xx": [          {            "group": "Error 4xx",            "optional": false,            "field": "content",            "description": "<p>错误信息</p> "          },          {            "group": "Error 4xx",            "optional": false,            "field": "message",            "description": "<p>错误消息</p> "          }        ]      },      "examples": [        {          "title": "400 Bad Request",          "content": "参数错误\n{\n    content=\"missed keys set(['city'])\",\n    message=\"ArgsParseFailed\"\n}\n查询获取单个数据时，找到不止一个(通过id查找)\n{\n    content=null,\n    message=\"MultipleResultsFound\"\n}\n查询没有结果(通过id查找)\n{\n    content=null,\n    message=\"NoResultFound\"\n}",          "type": "json"        },        {          "title": "403 Forbidden",          "content": "非可操作用户\n{\n    content=null,\n    message=\"Forbidden\"\n}\n未知错误\n{\n    content=null,\n    message=\"UnknownError\"\n}",          "type": "json"        },        {          "title": "422 Unprocessable Entity",          "content": "逻辑层错误\n{\n    content=null,\n    message=\"LogicResponseFailed\"\n}\n插入时重复键值\n{\n    content=null,\n    message=\"DuplicateEntry\"\n}\n退款失败\n{\n    content=null,\n    message=\"RefundMoneyFailed\"\n}\n扣款失败\n{\n    content=null,\n    message=\"CostMoneyFailed\"\n}",          "type": "json"        }      ]    }  },  {    "type": "post",    "url": "<callback>",    "title": "送货单回调",    "version": "0.0.1",    "name": "api_order_callback",    "group": "BulkSend",    "description": "<p>当运单状态改变时，请求预先设置好的回调地址，将订单状态的改变通知对方。如果来源平台返回失败，暂时不支持重新尝试。</p> ",    "parameter": {      "fields": {        "BODY PARAMETERS": [          {            "group": "BODY PARAMETERS",            "type": "<p>String</p> ",            "optional": false,            "field": "number",            "description": "<p>风先生运单号</p> "          },          {            "group": "BODY PARAMETERS",            "type": "<p>String</p> ",            "optional": false,            "field": "status",            "description": "<p>风先生运单状态</p> "          },          {            "group": "BODY PARAMETERS",            "type": "<p>String</p> ",            "optional": false,            "field": "update_time",            "description": "<p>运单更新时间，北京时间</p> "          },          {            "group": "BODY PARAMETERS",            "type": "<p>String</p> ",            "optional": false,            "field": "origin_order_id",            "description": "<p>对接平台原始订单号</p> "          }        ]      },      "examples": [        {          "title": "请求示例:",          "content": "Request URL: http://callback.your_company.com:8888/update_order?from=mrwind\nRequest Method: POST\nRequest Payload:\n   {\n       \"number\": \"201442301916525112\",\n       \"status\": \"CREATED/ADOPTED/PICKED_UP/FINISHED/ERROR\",\n       \"msg\":    \"已创建/司机已揽件/配送员已取货/签收/异常\"\n       \"update_time\": \"2016-01-12 10:11:23\",\n       \"origin_order_id\": \"904dcb84-81a0-4f59-bdb8-dab50baba7d2\",\n   }",          "type": "json"        }      ]    },    "filename": "./lazy_cat_open_api_bulk_send.py",    "groupTitle": "BulkSend"  },  {    "type": "post",    "url": "/open_api/pick_up_order",    "title": "取货单创建",    "version": "0.0.1",    "description": "<p>创建一条取货单,用于调配风先生配送员进行取货.</p> ",    "name": "api_create_pick_up_order",    "group": "PickUp",    "parameter": {      "fields": {        "Request Payload": [          {            "group": "Request Payload",            "type": "<p>object</p> ",            "optional": false,            "field": "origin",            "description": "<p>来源平台信息</p> "          },          {            "group": "Request Payload",            "type": "<p>string</p> ",            "optional": false,            "field": "origin.order_id",            "description": "<p>来源订单id</p> "          },          {            "group": "Request Payload",            "type": "<p>string</p> ",            "optional": true,            "field": "origin.create_time",            "description": "<p>来源订单创建时间, UTC+8, 北京时间, 格式为:<code>&quot;%Y-%m-%d %H:%M:%S&quot;</code></p> "          },          {            "group": "Request Payload",            "type": "<p>object</p> ",            "optional": false,            "field": "sender",            "description": "<p>客户信息</p> "          },          {            "group": "Request Payload",            "type": "<p>string(12)</p> ",            "optional": false,            "field": "sender.name",            "description": "<p>客户姓名</p> "          },          {            "group": "Request Payload",            "type": "<p>string(11)</p> ",            "optional": false,            "field": "sender.tel",            "description": "<p>客户电话</p> "          },          {            "group": "Request Payload",            "type": "<p>string(8)</p> ",            "optional": false,            "field": "sender.city",            "description": "<p>客户取货地址所属城市</p> "          },          {            "group": "Request Payload",            "type": "<p>string(8)</p> ",            "optional": false,            "field": "sender.district",            "description": "<p>客户取货地址所属区</p> "          },          {            "group": "Request Payload",            "type": "<p>string(64)</p> ",            "optional": false,            "field": "sender.address",            "description": "<p>客户详细取货地址</p> "          },          {            "group": "Request Payload",            "type": "<p>object</p> ",            "optional": false,            "field": "receiver",            "description": "<p>收货信息</p> "          },          {            "group": "Request Payload",            "type": "<p>string(12)</p> ",            "optional": false,            "field": "receiver.name",            "description": "<p>收货人姓名</p> "          },          {            "group": "Request Payload",            "type": "<p>string(11)</p> ",            "optional": false,            "field": "receiver.tel",            "description": "<p>收货人电话</p> "          },          {            "group": "Request Payload",            "type": "<p>string(8)</p> ",            "optional": false,            "field": "receiver.city",            "description": "<p>收货地址所属城市</p> "          },          {            "group": "Request Payload",            "type": "<p>string(8)</p> ",            "optional": false,            "field": "receiver.district",            "description": "<p>收货地址所属区</p> "          },          {            "group": "Request Payload",            "type": "<p>string(64)</p> ",            "optional": false,            "field": "receiver.address",            "description": "<p>详细收货地址</p> "          },          {            "group": "Request Payload",            "type": "<p>string(64)</p> ",            "optional": false,            "field": "remark",            "description": "<p>配送备注</p> "          }        ]      },      "examples": [        {          "title": "请求url/body示例:",          "content": "Request URL: http://123.57.40.134:5556/open_api/pick_up_order/create\nRequest Method: POST\nRequest Payload:\n    {\n        \"origin_order_id\": \"904dcb84-81a0-4f59-bdb8-dab50baba7d2\",\n        \"sender\": {\n            \"name\": \"刘先生\",\n            \"tel\": \"13012345678\",\n            \"city\": \"杭州市\",\n            \"district\": \"滨江区\",\n            \"address\": \"江陵路2028号星耀城一幢301\"\n        },\n        \"receiver\": {\n            \"name\": \"杨小姐\",\n            \"tel\": \"812345678\",\n            \"city\": \"杭州市\",\n            \"district\": \"滨江区\",\n            \"address\": \"滨盛路1509号天恒大厦204\"\n        },\n        \"remark\": \"咖啡别撒了，沙拉盒不要翻。告诉杨小姐：健康养生的沙拉对身体好哦，么么哒\"\n    }",          "type": "json"        }      ]    },    "success": {      "examples": [        {          "title": "成功示例:",          "content": "HTTP/1.1 200 OK\n{\n    \"number\": \"000000050023\"\n}",          "type": "json"        }      ],      "fields": {        "Success 200": [          {            "group": "Success 200",            "type": "<p>string</p> ",            "optional": false,            "field": "number",            "description": "<p>风先生运单号</p> "          }        ]      }    },    "error": {      "examples": [        {          "title": "失败示例:",          "content": "HTTP/1.1 400 ValueError\n{\n  \"message\": \"order_id[904dcb84-81a0-4f59-bdb8-dab50baba7d2] duplicated.\"\n}",          "type": "json"        }      ],      "fields": {        "错误码": [          {            "group": "错误码",            "optional": false,            "field": "401",            "description": "<p>Token错误</p> "          },          {            "group": "错误码",            "optional": false,            "field": "400",            "description": "<p>该来源平台的订单重复或其他逻辑错误.</p> "          }        ]      }    },    "filename": "./lazy_cat_open_api_pick_up.py",    "groupTitle": "PickUp",    "header": {      "examples": [        {          "title": "Auth-Header-Example",          "content": "{\n    \"Authorization\": \"token 5b42e18555c11dbf2c31403ea6b706a6\"\n}",          "type": "json"        }      ],      "fields": {        "Header": [          {            "group": "Header",            "type": "string",            "optional": false,            "field": "Authorization",            "description": "<p>验证身份，格式为&quot;token <token>&quot;，注意&quot;token&quot;后面需要一个空格, 请联系我们取得测试token.</p> "          }        ]      }    }  },  {    "type": "post",    "url": "<callback>",    "title": "取货单回调",    "version": "0.0.1",    "description": "<p>当订单状态改变时，请求预先设置好的回调地址，将订单状态的改变通知对方。如果来源平台返回失败，暂时不支持重新尝试。</p> ",    "name": "api_pick_up_order_callback",    "group": "PickUp",    "parameter": {      "fields": {        "Parameter": [          {            "group": "Parameter",            "type": "<p>string(12)</p> ",            "optional": false,            "field": "number",            "description": "<p>风先生运单号</p> "          },          {            "group": "Parameter",            "type": "<p>string</p> ",            "optional": false,            "field": "status",            "description": "<p>风先生运单状态</p> "          },          {            "group": "Parameter",            "type": "<p>string</p> ",            "optional": false,            "field": "msg",            "description": "<p>运单状态变更备注</p> "          },          {            "group": "Parameter",            "type": "<p>string</p> ",            "optional": false,            "field": "actual_time",            "description": "<p>运单状态变更时间, UTC+8, 北京时间</p> "          },          {            "group": "Parameter",            "type": "<p>object</p> ",            "optional": false,            "field": "info",            "description": "<p>其他信息</p> "          },          {            "group": "Parameter",            "type": "<p>string(32)</p> ",            "optional": false,            "field": "origin_order_id",            "description": "<p>来源平台原始订单id</p> "          }        ]      },      "examples": [        {          "title": "请求url/body示例:",          "content": "Request URL: http://callback.your_company.com:8888/update_order?from=mrwind\nRequest Method: POST\nRequest Payload:\n   {\n       \"number\": \"000000050023\",\n       \"status\": \"CREATED/ASSIGNED/PICKED_UP/FINISHED/ERROR\",\n       \"msg\": \"已创建/已联系配送员/配送员已取货/签收/异常\",\n       \"update_time\": \"2016-01-04 11:22:14\",\n       \"origin_order_id\": \"904dcb84-81a0-4f59-bdb8-dab50baba7d2\",\n   }",          "type": "json"        }      ]    },    "filename": "./lazy_cat_open_api_pick_up.py",    "groupTitle": "PickUp"  },  {    "success": {      "fields": {        "Success 200": [          {            "group": "Success 200",            "optional": false,            "field": "varname1",            "description": "<p>No type.</p> "          },          {            "group": "Success 200",            "type": "<p>String</p> ",            "optional": false,            "field": "varname2",            "description": "<p>With type.</p> "          }        ]      }    },    "type": "",    "url": "",    "version": "0.0.0",    "filename": "./lazycat/main.js",    "group": "_Users_chenxinlu_Developer_Greed_Island_pieces_of_codes_openapi_doc_lazycat_main_js",    "groupTitle": "_Users_chenxinlu_Developer_Greed_Island_pieces_of_codes_openapi_doc_lazycat_main_js",    "name": ""  }]